{"file1": ["ch\u00e0o c\u00e1c b\u1ea1n m\u00ecnh l\u00e0 th\u00e0nh vi\u00ean m\u1edbi , t\u1eeb nh\u1ecf m\u00ecnh \u0111\u00e3 \u0111am m\u00ea b\u1ed9 Kamen Rider Ryuki .", "Kh\u00f4ng bi\u1ebft c\u00f3 b\u1ea1n n\u00e0o gi\u1ed1ng m\u00ecnh ko , \u0111\u00e3 h\u01a1n 9 n\u0103m nay nhung t\u00ecnh y\u00eau d\u00e0nh cho Kamen Rider Ryuki c\u1ee7a m\u00ecnh ch\u01b0a h\u1ec1 gi\u1ea3m .", "Sau \u0111\u00e2y m\u00ecnh xin vi\u1ebft v\u1ec1 c\u00e1c Rider , th\u1ebb b\u00e0i , ... trong Kamen Rider Ryuki .", "1 .H\u1eadu \u0111\u1eadu , ng\u1ed1c ngh\u1ebfch , v\u1ee5ng v\u1ec1 nh\u01b0ng l\u00e0 1 con ng\u01b0\u1eddi t\u1ed1t .", "- L\u00ed do chi\u1ebfn \u0111\u1ea5u : c\u1ee9u ng\u01b0\u1eddi d\u00e2n v\u00f4 t\u1ed9i kh\u1ecfi Mirror Monster v\u00e0 ng\u0103n ch\u1eb7n cu\u1ed9c chi\u1ebfn - L\u00ed do ch\u1ebft : trong l\u00fac c\u1ee9u 1 \u0111\u1ee9a tr\u1ebb Kido b\u1ecb \u0111\u00e2m l\u00e9n b\u1edfi 1 con Monster nh\u01b0ng anh v\u1eabn g\u1eafng s\u1ee9c chi\u1ebfn \u0111\u1ea5u c\u00f9ng Ren \u0111\u1ec3 b\u1ea3o v\u1ec7 ng\u01b0\u1eddi d\u00e2n ."], "ListFileName": ["a.docx"], "ListFile": [{"data": ["ch\u00e0o c\u00e1c b\u1ea1n m\u00ecnh l\u00e0 th\u00e0nh vi\u00ean m\u1edbi , t\u1eeb nh\u1ecf m\u00ecnh \u0111\u00e3 \u0111am m\u00ea b\u1ed9 Kamen Rider Ryuki .", "Kh\u00f4ng bi\u1ebft c\u00f3 b\u1ea1n n\u00e0o gi\u1ed1ng m\u00ecnh ko , \u0111\u00e3 h\u01a1n 9 n\u0103m nay nhung t\u00ecnh y\u00eau d\u00e0nh cho Kamen Rider Ryuki c\u1ee7a m\u00ecnh ch\u01b0a h\u1ec1 gi\u1ea3m .", "Sau \u0111\u00e2y m\u00ecnh xin vi\u1ebft v\u1ec1 c\u00e1c Rider , th\u1ebb b\u00e0i , ... trong Kamen Rider Ryuki .", "1 .H\u1eadu \u0111\u1eadu , ng\u1ed1c ngh\u1ebfch , v\u1ee5ng v\u1ec1 nh\u01b0ng l\u00e0 1 con ng\u01b0\u1eddi t\u1ed1t .", "- L\u00ed do chi\u1ebfn \u0111\u1ea5u : c\u1ee9u ng\u01b0\u1eddi d\u00e2n v\u00f4 t\u1ed9i kh\u1ecfi Mirror Monster v\u00e0 ng\u0103n ch\u1eb7n cu\u1ed9c chi\u1ebfn - L\u00ed do ch\u1ebft : trong l\u00fac c\u1ee9u 1 \u0111\u1ee9a tr\u1ebb Kido b\u1ecb \u0111\u00e2m l\u00e9n b\u1edfi 1 con Monster nh\u01b0ng anh v\u1eabn g\u1eafng s\u1ee9c chi\u1ebfn \u0111\u1ea5u c\u00f9ng Ren \u0111\u1ec3 b\u1ea3o v\u1ec7 ng\u01b0\u1eddi d\u00e2n ."], "stt": [[1, 2, [1, 3], [100.0, 53.16455696202531]], [2, 1, [2], [100.0]], [3, 2, [1, 3], [53.16455696202531, 100.0]], [4, 1, [4], [100.0]], [5, 1, [5], [100.0]]]}], "File1Name": "a.docx", "AllFileRatio": [100.0], "ListAllFile": ["a.docx", "a.docx"]}